{
    "block_center_in_cm": [
        119.21545351562875,
        9.402758307981792
    ],
    "robot_center_in_cm": [
        89.41659698486328,
        28.597541046142577
    ],
    "robot_forward_vec": [
        0.371082402133038,
        -0.9285999412164391
    ]
}