{
    "block_center_in_cm": [
        119.21545351562875,
        9.402758307981792
    ],
    "robot_center_in_cm": [
        41.77912368774413,
        69.03188629150391
    ],
    "robot_forward_vec": [
        0.9971708493994312,
        -0.07516845819901213
    ]
}