{
    "block_center_in_cm": [
        119.21545351562875,
        9.402758307981792
    ],
    "robot_center_in_cm": [
        86.16445465087891,
        34.703405761718756
    ],
    "robot_forward_vec": [
        0.48288726138982746,
        -0.8756825296803816
    ]
}