{
    "block_center_in_cm": [
        119.21545351562875,
        9.402758307981792
    ],
    "robot_center_in_cm": [
        93.41332092285157,
        22.85640106201172
    ],
    "robot_forward_vec": [
        0.5639967330586305,
        -0.825777018994348
    ]
}