{
    "block_center_in_cm": [
        119.21545351562875,
        9.402758307981792
    ],
    "robot_center_in_cm": [
        101.78421325683594,
        11.260368347167969
    ],
    "robot_forward_vec": [
        0.8759830275628165,
        -0.48234192791201747
    ]
}