{
    "block_center_in_cm": [
        119.21545351562875,
        9.402758307981792
    ],
    "robot_center_in_cm": [
        113.50343627929688,
        6.778350114822386
    ],
    "robot_forward_vec": [
        0.8296041750023069,
        -0.5583519614174752
    ]
}