{
    "block_center_in_cm": [
        119.21545351562875,
        9.402758307981792
    ],
    "robot_center_in_cm": [
        107.5864044189453,
        7.95142011642456
    ],
    "robot_forward_vec": [
        0.8121629214922114,
        -0.5834307062138882
    ]
}