{
    "block_center_in_cm": [
        119.21545351562875,
        9.402758307981792
    ],
    "robot_center_in_cm": [
        102.2732925415039,
        11.633804893493656
    ],
    "robot_forward_vec": [
        0.6654992603452494,
        -0.7463985091624487
    ]
}