{
    "block_center_in_cm": [
        119.21545351562875,
        9.402758307981792
    ],
    "robot_center_in_cm": [
        97.54005889892578,
        16.842378807067874
    ],
    "robot_forward_vec": [
        0.4614988171877539,
        -0.8871408240715248
    ]
}