{
    "block_center_in_cm": [
        119.21545351562875,
        9.402758307981792
    ],
    "robot_center_in_cm": [
        55.19652481079102,
        63.52899322509766
    ],
    "robot_forward_vec": [
        0.8610705116658843,
        -0.5084855690572271
    ]
}