{
    "block_center_in_cm": [
        119.21545351562875,
        9.402758307981792
    ],
    "robot_center_in_cm": [
        42.02125930786133,
        69.66560211181641
    ],
    "robot_forward_vec": [
        0.9167195730094615,
        -0.39953125592542893
    ]
}