{
    "block_center_in_cm": [
        119.21545351562875,
        9.402758307981792
    ],
    "robot_center_in_cm": [
        88.79311981201172,
        28.465978622436523
    ],
    "robot_forward_vec": [
        0.63585264611364,
        -0.7718104770151039
    ]
}