{
    "block_center_in_cm": [
        119.21545351562875,
        9.402758307981792
    ],
    "robot_center_in_cm": [
        113.01501159667968,
        6.269444561004635
    ],
    "robot_forward_vec": [
        0.9703083948713657,
        -0.24187107897008656
    ]
}