{
    "block_center_in_cm": [
        119.21545351562875,
        9.402758307981792
    ],
    "robot_center_in_cm": [
        67.31138305664062,
        55.970986938476564
    ],
    "robot_forward_vec": [
        0.763457795097745,
        -0.6458577204806718
    ]
}