{
    "block_center_in_cm": [
        119.21545351562875,
        9.402758307981792
    ],
    "robot_center_in_cm": [
        107.20560607910154,
        7.504958152770998
    ],
    "robot_forward_vec": [
        0.9519494215378936,
        -0.30625528376449207
    ]
}