{
    "block_center_in_cm": [
        119.21545351562875,
        9.402758307981792
    ],
    "robot_center_in_cm": [
        82.13331451416016,
        40.83877258300782
    ],
    "robot_forward_vec": [
        0.5302215009299153,
        -0.8478591628045473
    ]
}