{
    "block_center_in_cm": [
        119.21545351562875,
        9.402758307981792
    ],
    "robot_center_in_cm": [
        112.76809692382812,
        5.588390779495251
    ],
    "robot_forward_vec": [
        0.9943951069759217,
        0.1057278166914712
    ]
}