{
    "block_center_in_cm": [
        119.21545351562875,
        9.402758307981792
    ],
    "robot_center_in_cm": [
        61.77171325683594,
        59.72900390625
    ],
    "robot_forward_vec": [
        0.8493872649172978,
        -0.527770095966333
    ]
}