{
    "block_center_in_cm": [
        119.21545351562875,
        9.402758307981792
    ],
    "robot_center_in_cm": [
        41.97780380249024,
        67.70702667236328
    ],
    "robot_forward_vec": [
        0.8137279023097185,
        0.5812459900959535
    ]
}