{
    "block_center_in_cm": [
        119.21545351562875,
        9.402758307981792
    ],
    "robot_center_in_cm": [
        48.9086181640625,
        66.89888610839844
    ],
    "robot_forward_vec": [
        0.8945653452166373,
        -0.4469371803032709
    ]
}