{
    "block_center_in_cm": [
        119.21545351562875,
        9.402758307981792
    ],
    "robot_center_in_cm": [
        96.8724594116211,
        16.646070671081542
    ],
    "robot_forward_vec": [
        0.7263125575546533,
        -0.6873645821093916
    ]
}