{
    "block_center_in_cm": [
        119.21545351562875,
        9.402758307981792
    ],
    "robot_center_in_cm": [
        41.779560089111335,
        68.36049804687501
    ],
    "robot_forward_vec": [
        0.9604961309369299,
        0.27829333886240987
    ]
}