{
    "block_center_in_cm": [
        119.21545351562875,
        9.402758307981792
    ],
    "robot_center_in_cm": [
        72.65716247558593,
        51.44286117553711
    ],
    "robot_forward_vec": [
        0.7174281907524144,
        -0.6966324648720568
    ]
}