{
    "block_center_in_cm": [
        119.21545351562875,
        9.402758307981792
    ],
    "robot_center_in_cm": [
        77.80467529296877,
        46.44506759643556
    ],
    "robot_forward_vec": [
        0.6033916200079319,
        -0.7974450155993223
    ]
}